{
  "personal_best": {
    "lap_data": {
      "lap_number": 1,
      "lap_time": 1.5573413372039795,
      "sector_times": [
        0.3692054748535156,
        0.390209436416626,
        0.39160752296447754
      ],
      "track_name": "N\u00fcrburgring Grand Prix",
      "car_name": "Porsche 911 GT3 R",
      "timestamp": 1752970237.504281,
      "is_valid": true,
      "metadata": {
        "sector_boundaries": [
          0.0,
          0.25,
          0.5,
          0.75,
          1.0
        ],
        "telemetry_count": 96
      }
    },
    "created_at": 1752970237.5045295,
    "metadata": {
      "track_name": "N\u00fcrburgring Grand Prix",
      "car_name": "Porsche 911 GT3 R",
      "sector_boundaries": [
        0.0,
        0.25,
        0.5,
        0.75,
        1.0
      ]
    }
  }
}